Bolsonaro-0001|apresento aos senhores um novo brasil que resurge depois de estar a beira do socialismo
Bolsonaro-0002|um brasil que esta sendo reconstruido a partir dos anseios e dos ideais de seu povo
Bolsonaro-0004|respaldado por entidades de direitos humanos do brasil e da onu
Bolsonaro-0006|deste modo nosso pais deixou de contribuir com a ditadura cubana nao mais enviando para havana trezentos milhoes de dolares todos os anos
Bolsonaro-0008|outrora um pais puljante e democratico hoje experimenta a crueldade do socialismo
Bolsonaro-0009|o socialismo esta dando certo na venezuela todos estao pobres e sem liberdade
Bolsonaro-0010|o brasil tambem sente os impactos da ditadura venezuelana
Bolsonaro-0011|os mais de quatro milhoes que fugiram do pais uma parte migrou para o brasil fugiu da fome e da violencia
Bolsonaro-0016|a abertura a gestao competente e os ganhos de produtividade sao objetivos imediatos do nosso governo
Bolsonaro-0017|vamos abrindo a economia e nos integrando as cadeias globais de valor
Bolsonaro-0019|devemos seguir adiante com varios outros acordos nos proximos meses
Bolsonaro-0022|prita e zani calapalo
Bolsonaro-0023|gira aqui presente no brasil agora vamos falar de amazonia
Bolsonaro-0026|prova de que somos um dos paises que mais protege o meio ambiente
Bolsonaro-0027|nessa epoca do ano um clima seco e os ventos favorecem queimadas expontaneas e tambem as criminosas
Bolsonaro-0032|questionaram aquilo que nos e mais sagrado a nossa soberania
Bolsonaro-0033|deles por ocasiao do encontro ge sete ousou sugerir a aplicar sancoes aobrasil sem sequer nos ouvir
Bolsonaro-0034|agradeca aqueles que nao aceitaram levaram adiante essa absurda proposta
Bolsonaro-0037|existe no brasil duzentos e vinte e cinco povos indigenas alem de referencias de setenta tribos vivendo em locais isolados
Bolsonaro-0038|cada povo ou tribo com o seu cacique sua cultura suas tradicoes seus costumes e principalmente sua forma de ver o mundo
Bolsonaro-0039|a visao de um lider indigena nao representa a de todos os indios brasileiros
Bolsonaro-0042|o brasil agora tem um presidente que se preocupa com aqueles que la estavam antes da chegada dos portugueses em mil
Bolsonaro-0043|o indio nao quer ser latifundiario pobre em cima de terra rica
Bolsonaro-0044|inicialmente uma das terras mais ricas do mundo
Bolsonaro-0045|caso das reservas ialomami e raposa serra do sol
Bolsonaro-0048|demonstra que os que nos atacam nao estao preocupados com o ser humano indio
Bolsonaro-0049|assim com as riquezas minerais e a biodiversidade existentes nessas areas
Bolsonaro-0050|para mostrar aos senhores
Bolsonaro-0051|zis
Bolsonaro-0052|uma autoridade unica entre os indios eu quero ler uma carta aqui de grande parte das comunidades indigenas enderecadas para os senhores
Bolsonaro-0055|sessenta e um por cento do nosso territorio e preservado
Bolsonaro-0056|nossa politica e de tolerancia zero para com a criminalidade ai incluindo os crimes ambientais
Bolsonaro-0061|e um compromisso que caminha junto com o combate a corrupcao e a criminalidade demandas urgentes da sociedade brasileira
Bolsonaro-0062|iremos contribuindo dentro e fora das nacoes unidas
Bolsonaro-0063|terroristas sob o disfarce de perseguidos politicos nao mais encontraram refugio no brasil
Bolsonaro-0068|mais segurancas e com essas facilidades queremos que todos possam conhecer o brasil em especial a nossa amazonia
Bolsonaro-0069|toda sua vastidao e beleza natural
Bolsonaro-0070|ela nao esta sendo devastada e nem consumida pelo fogo como diz mentirosamente a midia
Bolsonaro-0072|a perseguicao religiosa e um flagelo que devemos combater
Bolsonaro-0076|por isso apoiamos a criacao do dia internacional em memoria das vitimas de atos de violencia baseados em religiao
Bolsonaro-0077|nessa data recordaremos anualmente aqueles que so sofrem as consequencias nefastas da perseguicao religiosa
Bolsonaro-0078|reafirmo nossa disposicao de manter
Bolsonaro-0081|em janeiro estivemos em davos onde apresentamos nosso ambicioso programa de reformas para investidores de todo o mundo
Bolsonaro-0085|visitamos tambem um de nossos grandes parceiros no cone sul a argentina
Bolsonaro-0087|pretendemos seguir o mesmo caminho com todo mundo arabe e a asia
Bolsonaro-0088|tambem estamos ansiosos para visitar nossos parceiros e amigos na africa na oceania e na europa
Bolsonaro-0093|a ideologia invadiu nossos lares para invertir contra a celula mater de qualquer sociedade saudavel a familia
Bolsonaro-0094|tentam ainda destruir a inocencia de nossas criancas pervetendo ate mesmo identidade mais basica e elementar a biologica
Bolsonaro-0097|sou prova viva disso fui covardemente esfaqueado por um militante de esquerda e so sobrevivi por um milagre de deus
Bolsonaro-0098|mais uma vez agradeco a deus pela minha vida
