Bolsonaro-0001|apresento aos senhores um novo brasil que resurge depois de estar a beira do socialismo|apresento aos senhores um novo brasil que resurge depois de estar a beira do socialismo
Bolsonaro-0002|um brasil que esta sendo reconstruido a partir dos anseios e dos ideais de seu povo|um brasil que esta sendo reconstruido a partir dos anseios e dos ideais de seu povo
Bolsonaro-0004|respaldado por entidades de direitos humanos do brasil e da onu|respaldado por entidades de direitos humanos do brasil e da onu
Bolsonaro-0006|deste modo nosso pais deixou de contribuir com a ditadura cubana|deste modo nosso pais deixou de contribuir com a ditadura cubana
Bolsonaro-0008|outrora um pais puljante e democratico hoje experimenta|outrora um pais puljante e democratico hoje experimenta
Bolsonaro-0009|o socialismo esta dando certo na venezuela todos estao pobre|o socialismo esta dando certo na venezuela todos estao pobre
Bolsonaro-0010|o brasil tambem sente os impactos da ditadura venezuelana|o brasil tambem sente os impactos da ditadura venezuelana
Bolsonaro-0011|os mais de quatro milhoes que fugiram do pais uma parte migrou para o brasil|os mais de quatro milhoes que fugiram do pais uma parte migrou para o brasil
Bolsonaro-0016|a abertura a gestao competente e os ganhos de produtividade|a abertura a gestao competente e os ganhos de produtividade
Bolsonaro-0017|vamos abrindo a economia e nos integrando as cadeias globais de valor|vamos abrindo a economia e nos integrando as cadeias globais de valor
Bolsonaro-0019|devemos seguir adiante com varios outros acordos|devemos seguir adiante com varios outros acordos
Bolsonaro-0022|prita e zani calapalo|prita e zani calapalo
Bolsonaro-0023|gira aqui presenge no brasil agora vamos falar de amazonia|gira aqui presenge no brasil agora vamos falar de amazonia
Bolsonaro-0026|prova de que somos um dos paises que mais protege o meio ambiente|prova de que somos um dos paises que mais protege o meio ambiente
Bolsonaro-0027|nessa epoca do ano um clima seco e os ventos favorecem que|nessa epoca do ano um clima seco e os ventos favorecem que
Bolsonaro-0032|questionaram aquilo que nos e mais sagrado a nossa soberania|questionaram aquilo que nos e mais sagrado a nossa soberania
Bolsonaro-0033|deles por ocasiao do encontro ge sete ousou sugerir|deles por ocasiao do encontro ge sete ousou sugerir
Bolsonaro-0034|agradeca aqueles que nao aceitaram levaram adiante essa absurda|agradeca aqueles que nao aceitaram levaram adiante essa absurda
Bolsonaro-0037|existe no brasil duzentos e vinte e cinco povos indigenas|existe no brasil duzentos e vinte e cinco povos indigenas
Bolsonaro-0038|cada povo ou tribo com o seu cacique sua cultura sua|cada povo ou tribo com o seu cacique sua cultura sua
Bolsonaro-0039|a visao de um lider indigena nao representa a de todos os indios|a visao de um lider indigena nao representa a de todos os indios
Bolsonaro-0042|o brasil agora tem um presidente que se preocupa com aqueles que la esta|o brasil agora tem um presidente que se preocupa com aqueles que la esta
Bolsonaro-0043|o indio nao quer ser latifundiario pobre em cima de terra|o indio nao quer ser latifundiario pobre em cima de terra
Bolsonaro-0044|inicialmente uma das terras mais ricas do mundo|inicialmente uma das terras mais ricas do mundo
Bolsonaro-0045|caso das reservas ialomami e raposa serra do sol|caso das reservas ialomami e raposa serra do sol
Bolsonaro-0048|demonstra que os que nos atacam nao estao preo|demonstra que os que nos atacam nao estao preo
Bolsonaro-0049|assim com as riquezas minerais e a biodiversidade|assim com as riquezas minerais e a biodiversidade
Bolsonaro-0050|para mostrar aos senhores|para mostrar aos senhores
Bolsonaro-0051|zis|zis
Bolsonaro-0052|uma autoridade unica entre os indios eu quero ler uma carta aqui|uma autoridade unica entre os indios eu quero ler uma carta aqui
Bolsonaro-0055|sessenta e um por cento do nosso territorio e preser|sessenta e um por cento do nosso territorio e preser
Bolsonaro-0056|nossa politica e de tolerancia zero para com a criminalidade|nossa politica e de tolerancia zero para com a criminalidade
Bolsonaro-0061|e um compromisso que caminha junto com o combate a corrupcao e|e um compromisso que caminha junto com o combate a corrupcao e
Bolsonaro-0062|iremos contribuindo dentro e fora das nacoes unidas|iremos contribuindo dentro e fora das nacoes unidas
Bolsonaro-0063|terroristas sob o disfarce de perseguidos politicos nao|terroristas sob o disfarce de perseguidos politicos nao
Bolsonaro-0068|mais segurancas e com essas facilidades queremos|mais segurancas e com essas facilidades queremos
Bolsonaro-0069|toda sua vastidao e beleza natural|toda sua vastidao e beleza natural
Bolsonaro-0070|ela nao esta sendo devastada e nem consumida pelo fogo|ela nao esta sendo devastada e nem consumida pelo fogo
Bolsonaro-0072|a perseguicao religiosa e um flagelo que devemos combater|a perseguicao religiosa e um flagelo que devemos combater
Bolsonaro-0076|por isso apoiamos o dia internacional em memoria das vitimas|por isso apoiamos o dia internacional em memoria das vitimas
Bolsonaro-0077|nessa data recordaremos anualmente aqueles que so sofrem|nessa data recordaremos anualmente aqueles que so sofrem
Bolsonaro-0078|reafirmo nossa disposicao de manter|reafirmo nossa disposicao de manter
Bolsonaro-0081|em janeiro estivemos em davos onde apresentamos nosso ambi|em janeiro estivemos em davos onde apresentamos nosso ambi
Bolsonaro-0085|visitamos tambem um de nossos grandes parceiros no cone sul a argentina|visitamos tambem um de nossos grandes parceiros no cone sul a argentina
Bolsonaro-0087|pretendemos seguir o mesmo caminho com todo mundo arabe|pretendemos seguir o mesmo caminho com todo mundo arabe
Bolsonaro-0088|tambem estamos ansiosos para visitar nos parceiros e amigos na afri|tambem estamos ansiosos para visitar nos parceiros e amigos na afri
Bolsonaro-0093|a ideologia invadiu nossos lares para invertir contra|a ideologia invadiu nossos lares para invertir contra
Bolsonaro-0094|tentam ainda destruir a inocencia de nossas criancas pervetem|tentam ainda destruir a inocencia de nossas criancas pervetem
Bolsonaro-0097|sou prova viva disso fui covardemente esfaqueado|sou prova viva disso fui covardemente esfaqueado
Bolsonaro-0098|mais uma vez agradeco a deus pela minha vida|mais uma vez agradeco a deus pela minha vida
